2026-06-24T16:32:22Z,SNV-01,56,m,OPERACIONAL,,
2026-06-24T16:32:22Z,STM-01,334,K,OPERACIONAL,,
2026-06-24T16:32:22Z,SRD-01,28,mSv/h,OPERACIONAL,,
2026-06-24T16:32:22Z,SVZ-01,112,m3/h,OPERACIONAL,,
2026-06-24T16:32:22Z,SNV-01,,,Normal,alarme,
2026-06-24T16:32:22Z,STM-01,,,Normal,alarme,
2026-06-24T16:32:22Z,SRD-01,,,Normal,alarme,
2026-06-24T16:32:22Z,SVZ-01,,,Normal,alarme,
2026-06-24T16:32:22Z,BAG-01,,,,atuador,
2026-06-24T16:32:22Z,VAR-01,0,,,atuador,
2026-06-24T16:32:27Z,SNV-01,73,m,OPERACIONAL,,
2026-06-24T16:32:27Z,STM-01,359,K,OPERACIONAL,,
2026-06-24T16:32:27Z,SRD-01,37,mSv/h,OPERACIONAL,,
2026-06-24T16:32:27Z,SVZ-01,145,m3/h,OPERACIONAL,,
2026-06-24T16:32:27Z,SNV-01,,,Normal,alarme,
2026-06-24T16:32:27Z,STM-01,,,ALERTA - TEMPERATURA ALTA,alarme,
2026-06-24T16:32:27Z,SRD-01,,,Normal,alarme,
2026-06-24T16:32:27Z,SVZ-01,,,Normal,alarme,
2026-06-24T16:32:27Z,BAG-01,,,,atuador,
2026-06-24T16:32:27Z,VAR-01,0,,,atuador,
2026-06-24T16:32:32Z,SNV-01,35,m,OPERACIONAL,,
2026-06-24T16:32:32Z,STM-01,302,K,OPERACIONAL,,
2026-06-24T16:32:32Z,SRD-01,17,mSv/h,OPERACIONAL,,
2026-06-24T16:32:32Z,SVZ-01,70,m3/h,OPERACIONAL,,
2026-06-24T16:32:32Z,SNV-01,,,Normal,alarme,
2026-06-24T16:32:32Z,STM-01,,,Normal,alarme,
2026-06-24T16:32:32Z,SRD-01,,,Normal,alarme,
2026-06-24T16:32:32Z,SVZ-01,,,Normal,alarme,
2026-06-24T16:32:32Z,BAG-01,,,,atuador,
2026-06-24T16:32:32Z,VAR-01,0,,,atuador,
2026-06-24T16:32:37Z,SNV-01,92,m,OPERACIONAL,,
2026-06-24T16:32:37Z,STM-01,388,K,OPERACIONAL,,
2026-06-24T16:32:37Z,SRD-01,46,mSv/h,OPERACIONAL,,
2026-06-24T16:32:37Z,SVZ-01,183,m3/h,OPERACIONAL,,
2026-06-24T16:32:37Z,SNV-01,,,Normal,alarme,
2026-06-24T16:32:37Z,STM-01,,,ALERTA - TEMPERATURA ALTA,alarme,
2026-06-24T16:32:37Z,SRD-01,,,ALERTA - RADIACAO ALTA,alarme,
2026-06-24T16:32:37Z,SVZ-01,,,ALERTA - VAZAO ALTA,alarme,
2026-06-24T16:32:37Z,BAG-01,,,,atuador,
2026-06-24T16:32:37Z,VAR-01,0,,,atuador,
2026-06-24T16:32:42Z,SNV-01,0,m,OPERACIONAL,,
2026-06-24T16:32:42Z,STM-01,250,K,OPERACIONAL,,
2026-06-24T16:32:42Z,SRD-01,0,mSv/h,OPERACIONAL,,
2026-06-24T16:32:42Z,SVZ-01,1,m3/h,OPERACIONAL,,
2026-06-24T16:32:42Z,SNV-01,,,ALERTA - NIVEL BAIXO,alarme,
2026-06-24T16:32:42Z,STM-01,,,ALERTA - TEMPERATURA BAIXA,alarme,
2026-06-24T16:32:42Z,SRD-01,,,Normal,alarme,
2026-06-24T16:32:42Z,SVZ-01,,,Normal,alarme,
2026-06-24T16:32:42Z,BAG-01,,,,atuador,
2026-06-24T16:32:42Z,VAR-01,0,,,atuador,
2026-06-24T16:32:47Z,SNV-01,60,m,OPERACIONAL,,
2026-06-24T16:32:47Z,STM-01,339,K,OPERACIONAL,,
2026-06-24T16:32:47Z,SRD-01,30,mSv/h,OPERACIONAL,,
2026-06-24T16:32:47Z,SVZ-01,119,m3/h,OPERACIONAL,,
2026-06-24T16:32:47Z,SNV-01,,,Normal,alarme,
2026-06-24T16:32:47Z,STM-01,,,Normal,alarme,
2026-06-24T16:32:47Z,SRD-01,,,Normal,alarme,
2026-06-24T16:32:47Z,SVZ-01,,,Normal,alarme,
2026-06-24T16:32:47Z,BAG-01,,,,atuador,
2026-06-24T16:32:47Z,VAR-01,0,,,atuador,
2026-06-24T16:32:52Z,SNV-01,88,m,OPERACIONAL,,
2026-06-24T16:32:52Z,STM-01,381,K,OPERACIONAL,,
2026-06-24T16:32:52Z,SRD-01,44,mSv/h,OPERACIONAL,,
2026-06-24T16:32:52Z,SVZ-01,175,m3/h,OPERACIONAL,,
2026-06-24T16:32:52Z,SNV-01,,,Normal,alarme,
2026-06-24T16:32:52Z,STM-01,,,ALERTA - TEMPERATURA ALTA,alarme,
2026-06-24T16:32:52Z,SRD-01,,,ALERTA - RADIACAO ALTA,alarme,
2026-06-24T16:32:52Z,SVZ-01,,,Normal,alarme,
2026-06-24T16:32:52Z,BAG-01,,,,atuador,
2026-06-24T16:32:52Z,VAR-01,0,,,atuador,
2026-06-24T16:32:58Z,SNV-01,52,m,OPERACIONAL,,
2026-06-24T16:32:58Z,STM-01,327,K,OPERACIONAL,,
2026-06-24T16:32:58Z,SRD-01,26,mSv/h,OPERACIONAL,,
2026-06-24T16:32:58Z,SVZ-01,103,m3/h,OPERACIONAL,,
2026-06-24T16:32:58Z,SNV-01,,,Normal,alarme,
2026-06-24T16:32:58Z,STM-01,,,Normal,alarme,
2026-06-24T16:32:58Z,SRD-01,,,Normal,alarme,
2026-06-24T16:32:58Z,SVZ-01,,,Normal,alarme,
2026-06-24T16:32:58Z,BAG-01,,,,atuador,
2026-06-24T16:32:58Z,VAR-01,0,,,atuador,
2026-06-24T16:33:03Z,SNV-01,96,m,OPERACIONAL,,
2026-06-24T16:33:03Z,STM-01,394,K,OPERACIONAL,,
2026-06-24T16:33:03Z,SRD-01,48,mSv/h,OPERACIONAL,,
2026-06-24T16:33:03Z,SVZ-01,192,m3/h,OPERACIONAL,,
2026-06-24T16:33:03Z,SNV-01,,,Normal,alarme,
2026-06-24T16:33:03Z,STM-01,,,ALERTA - TEMPERATURA ALTA,alarme,
2026-06-24T16:33:03Z,SRD-01,,,ALERTA - RADIACAO ALTA,alarme,
2026-06-24T16:33:03Z,SVZ-01,,,ALERTA - VAZAO ALTA,alarme,
2026-06-24T16:33:03Z,BAG-01,,,,atuador,
2026-06-24T16:33:03Z,VAR-01,0,,,atuador,
2026-06-24T16:33:08Z,SNV-01,98,m,OPERACIONAL,,
2026-06-24T16:33:08Z,STM-01,397,K,OPERACIONAL,,
2026-06-24T16:33:08Z,SRD-01,49,mSv/h,OPERACIONAL,,
2026-06-24T16:33:08Z,SVZ-01,196,m3/h,OPERACIONAL,,
2026-06-24T16:33:08Z,SNV-01,,,Normal,alarme,
2026-06-24T16:33:08Z,STM-01,,,ALERTA - TEMPERATURA ALTA,alarme,
2026-06-24T16:33:08Z,SRD-01,,,ALERTA - RADIACAO ALTA,alarme,
2026-06-24T16:33:08Z,SVZ-01,,,ALERTA - VAZAO ALTA,alarme,
2026-06-24T16:33:08Z,BAG-01,,,,atuador,
2026-06-24T16:33:08Z,VAR-01,0,,,atuador,
2026-06-24T16:33:13Z,SNV-01,17,m,OPERACIONAL,,
2026-06-24T16:33:13Z,STM-01,275,K,OPERACIONAL,,
2026-06-24T16:33:13Z,SRD-01,8,mSv/h,OPERACIONAL,,
2026-06-24T16:33:13Z,SVZ-01,34,m3/h,OPERACIONAL,,
2026-06-24T16:33:13Z,SNV-01,,,ALERTA - NIVEL BAIXO,alarme,
2026-06-24T16:33:13Z,STM-01,,,ALERTA - TEMPERATURA BAIXA,alarme,
2026-06-24T16:33:13Z,SRD-01,,,Normal,alarme,
2026-06-24T16:33:13Z,SVZ-01,,,Normal,alarme,
2026-06-24T16:33:13Z,BAG-01,,,,atuador,
2026-06-24T16:33:13Z,VAR-01,0,,,atuador,
2026-06-24T16:33:18Z,SNV-01,66,m,OPERACIONAL,,
2026-06-24T16:33:18Z,STM-01,349,K,OPERACIONAL,,
2026-06-24T16:33:18Z,SRD-01,33,mSv/h,OPERACIONAL,,
2026-06-24T16:33:18Z,SVZ-01,132,m3/h,OPERACIONAL,,
2026-06-24T16:33:18Z,SNV-01,,,Normal,alarme,
2026-06-24T16:33:18Z,STM-01,,,Normal,alarme,
2026-06-24T16:33:18Z,SRD-01,,,Normal,alarme,
2026-06-24T16:33:18Z,SVZ-01,,,Normal,alarme,
2026-06-24T16:33:18Z,BAG-01,,,,atuador,
2026-06-24T16:33:18Z,VAR-01,0,,,atuador,
2026-06-24T16:33:23Z,SNV-01,32,m,OPERACIONAL,,
2026-06-24T16:33:23Z,STM-01,297,K,OPERACIONAL,,
2026-06-24T16:33:23Z,SRD-01,16,mSv/h,OPERACIONAL,,
2026-06-24T16:33:23Z,SVZ-01,63,m3/h,OPERACIONAL,,
2026-06-24T16:33:23Z,SNV-01,,,Normal,alarme,
2026-06-24T16:33:23Z,STM-01,,,ALERTA - TEMPERATURA BAIXA,alarme,
2026-06-24T16:33:23Z,SRD-01,,,Normal,alarme,
2026-06-24T16:33:23Z,SVZ-01,,,Normal,alarme,
2026-06-24T16:33:23Z,BAG-01,,,,atuador,
2026-06-24T16:33:23Z,VAR-01,0,,,atuador,
2026-06-24T16:33:28Z,SNV-01,53,m,OPERACIONAL,,
2026-06-24T16:33:28Z,STM-01,329,K,OPERACIONAL,,
2026-06-24T16:33:28Z,SRD-01,26,mSv/h,OPERACIONAL,,
2026-06-24T16:33:28Z,SVZ-01,106,m3/h,OPERACIONAL,,
2026-06-24T16:33:28Z,SNV-01,,,Normal,alarme,
2026-06-24T16:33:28Z,STM-01,,,Normal,alarme,
2026-06-24T16:33:28Z,SRD-01,,,Normal,alarme,
2026-06-24T16:33:28Z,SVZ-01,,,Normal,alarme,
2026-06-24T16:33:28Z,BAG-01,,,,atuador,
2026-06-24T16:33:28Z,VAR-01,0,,,atuador,
2026-06-24T16:33:33Z,SNV-01,70,m,OPERACIONAL,,
2026-06-24T16:33:33Z,STM-01,355,K,OPERACIONAL,,
2026-06-24T16:33:33Z,SRD-01,35,mSv/h,OPERACIONAL,,
2026-06-24T16:33:33Z,SVZ-01,140,m3/h,OPERACIONAL,,
2026-06-24T16:33:33Z,SNV-01,,,Normal,alarme,
2026-06-24T16:33:33Z,STM-01,,,ALERTA - TEMPERATURA ALTA,alarme,
2026-06-24T16:33:33Z,SRD-01,,,Normal,alarme,
2026-06-24T16:33:33Z,SVZ-01,,,Normal,alarme,
2026-06-24T16:33:33Z,BAG-01,,,,atuador,
2026-06-24T16:33:33Z,VAR-01,100,,,atuador,
2026-06-24T16:33:38Z,SNV-01,79,m,OPERACIONAL,,
2026-06-24T16:33:38Z,STM-01,369,K,OPERACIONAL,,
2026-06-24T16:33:38Z,SRD-01,40,mSv/h,OPERACIONAL,,
2026-06-24T16:33:38Z,SVZ-01,158,m3/h,OPERACIONAL,,
2026-06-24T16:33:38Z,SNV-01,,,Normal,alarme,
2026-06-24T16:33:38Z,STM-01,,,ALERTA - TEMPERATURA ALTA,alarme,
2026-06-24T16:33:38Z,SRD-01,,,Normal,alarme,
2026-06-24T16:33:38Z,SVZ-01,,,Normal,alarme,
2026-06-24T16:33:38Z,BAG-01,,,,atuador,
2026-06-24T16:33:38Z,VAR-01,100,,,atuador,
2026-06-24T16:33:43Z,SNV-01,25,m,OPERACIONAL,,
2026-06-24T16:33:43Z,STM-01,288,K,OPERACIONAL,,
2026-06-24T16:33:43Z,SRD-01,13,mSv/h,OPERACIONAL,,
2026-06-24T16:33:43Z,SVZ-01,51,m3/h,OPERACIONAL,,
2026-06-24T16:33:43Z,SNV-01,,,ALERTA - NIVEL BAIXO,alarme,
2026-06-24T16:33:43Z,STM-01,,,ALERTA - TEMPERATURA BAIXA,alarme,
2026-06-24T16:33:43Z,SRD-01,,,Normal,alarme,
2026-06-24T16:33:43Z,SVZ-01,,,Normal,alarme,
2026-06-24T16:33:43Z,BAG-01,,,,atuador,
2026-06-24T16:33:43Z,VAR-01,100,,,atuador,
2026-06-24T17:16:36Z,SNV-01,56,m,OPERACIONAL,,
2026-06-24T17:16:36Z,STM-01,334,K,OPERACIONAL,,
2026-06-24T17:16:36Z,SRD-01,28,mSv/h,OPERACIONAL,,
2026-06-24T17:16:36Z,SVZ-01,112,m3/h,OPERACIONAL,,
2026-06-24T17:16:36Z,SNV-01,,,Normal,alarme,
2026-06-24T17:16:36Z,STM-01,,,Normal,alarme,
2026-06-24T17:16:36Z,SRD-01,,,Normal,alarme,
2026-06-24T17:16:36Z,SVZ-01,,,Normal,alarme,
2026-06-24T17:16:36Z,BAG-01,,,,atuador,
2026-06-24T17:16:36Z,VAR-01,0,,,atuador,
2026-06-24T17:16:41Z,SNV-01,73,m,OPERACIONAL,,
2026-06-24T17:16:41Z,STM-01,359,K,OPERACIONAL,,
2026-06-24T17:16:41Z,SRD-01,37,mSv/h,OPERACIONAL,,
2026-06-24T17:16:41Z,SVZ-01,145,m3/h,OPERACIONAL,,
2026-06-24T17:16:41Z,SNV-01,,,Normal,alarme,
2026-06-24T17:16:41Z,STM-01,,,ALERTA - TEMPERATURA ALTA,alarme,
2026-06-24T17:16:41Z,SRD-01,,,Normal,alarme,
2026-06-24T17:16:41Z,SVZ-01,,,Normal,alarme,
2026-06-24T17:16:41Z,BAG-01,,,,atuador,
2026-06-24T17:16:41Z,VAR-01,0,,,atuador,
2026-06-24T17:16:46Z,SNV-01,35,m,OPERACIONAL,,
2026-06-24T17:16:46Z,STM-01,302,K,OPERACIONAL,,
2026-06-24T17:16:46Z,SRD-01,17,mSv/h,OPERACIONAL,,
2026-06-24T17:16:46Z,SVZ-01,70,m3/h,OPERACIONAL,,
2026-06-24T17:16:46Z,SNV-01,,,Normal,alarme,
2026-06-24T17:16:46Z,STM-01,,,Normal,alarme,
2026-06-24T17:16:46Z,SRD-01,,,Normal,alarme,
2026-06-24T17:16:46Z,SVZ-01,,,Normal,alarme,
2026-06-24T17:16:46Z,BAG-01,,,,atuador,
2026-06-24T17:16:46Z,VAR-01,0,,,atuador,
2026-06-24T17:16:51Z,SNV-01,92,m,OPERACIONAL,,
2026-06-24T17:16:51Z,STM-01,388,K,OPERACIONAL,,
2026-06-24T17:16:51Z,SRD-01,46,mSv/h,OPERACIONAL,,
2026-06-24T17:16:51Z,SVZ-01,183,m3/h,OPERACIONAL,,
2026-06-24T17:16:51Z,SNV-01,,,Normal,alarme,
2026-06-24T17:16:51Z,STM-01,,,ALERTA - TEMPERATURA ALTA,alarme,
2026-06-24T17:16:51Z,SRD-01,,,ALERTA - RADIACAO ALTA,alarme,
2026-06-24T17:16:51Z,SVZ-01,,,ALERTA - VAZAO ALTA,alarme,
2026-06-24T17:16:51Z,BAG-01,,,,atuador,
2026-06-24T17:16:51Z,VAR-01,0,,,atuador,
2026-06-24T17:16:56Z,SNV-01,0,m,OPERACIONAL,,
2026-06-24T17:16:56Z,STM-01,250,K,OPERACIONAL,,
2026-06-24T17:16:56Z,SRD-01,0,mSv/h,OPERACIONAL,,
2026-06-24T17:16:56Z,SVZ-01,1,m3/h,OPERACIONAL,,
2026-06-24T17:16:56Z,SNV-01,,,ALERTA - NIVEL BAIXO,alarme,
2026-06-24T17:16:56Z,STM-01,,,ALERTA - TEMPERATURA BAIXA,alarme,
2026-06-24T17:16:56Z,SRD-01,,,Normal,alarme,
2026-06-24T17:16:56Z,SVZ-01,,,Normal,alarme,
2026-06-24T17:16:56Z,BAG-01,,,,atuador,
2026-06-24T17:16:56Z,VAR-01,0,,,atuador,
2026-06-24T17:17:01Z,SNV-01,60,m,OPERACIONAL,,
2026-06-24T17:17:01Z,STM-01,339,K,OPERACIONAL,,
2026-06-24T17:17:01Z,SRD-01,30,mSv/h,OPERACIONAL,,
2026-06-24T17:17:01Z,SVZ-01,119,m3/h,OPERACIONAL,,
2026-06-24T17:17:01Z,SNV-01,,,Normal,alarme,
2026-06-24T17:17:01Z,STM-01,,,Normal,alarme,
2026-06-24T17:17:01Z,SRD-01,,,Normal,alarme,
2026-06-24T17:17:01Z,SVZ-01,,,Normal,alarme,
2026-06-24T17:17:01Z,BAG-01,,,,atuador,
2026-06-24T17:17:01Z,VAR-01,0,,,atuador,
2026-06-24T17:17:06Z,SNV-01,88,m,OPERACIONAL,,
2026-06-24T17:17:06Z,STM-01,381,K,OPERACIONAL,,
2026-06-24T17:17:06Z,SRD-01,44,mSv/h,OPERACIONAL,,
2026-06-24T17:17:06Z,SVZ-01,175,m3/h,OPERACIONAL,,
2026-06-24T17:17:06Z,SNV-01,,,Normal,alarme,
2026-06-24T17:17:06Z,STM-01,,,ALERTA - TEMPERATURA ALTA,alarme,
2026-06-24T17:17:06Z,SRD-01,,,ALERTA - RADIACAO ALTA,alarme,
2026-06-24T17:17:06Z,SVZ-01,,,Normal,alarme,
2026-06-24T17:17:06Z,BAG-01,,,,atuador,
2026-06-24T17:17:06Z,VAR-01,0,,,atuador,
2026-06-24T17:17:11Z,SNV-01,52,m,OPERACIONAL,,
2026-06-24T17:17:11Z,STM-01,327,K,OPERACIONAL,,
2026-06-24T17:17:11Z,SRD-01,26,mSv/h,OPERACIONAL,,
2026-06-24T17:17:11Z,SVZ-01,103,m3/h,OPERACIONAL,,
2026-06-24T17:17:11Z,SNV-01,,,Normal,alarme,
2026-06-24T17:17:11Z,STM-01,,,Normal,alarme,
2026-06-24T17:17:11Z,SRD-01,,,Normal,alarme,
2026-06-24T17:17:11Z,SVZ-01,,,Normal,alarme,
2026-06-24T17:17:11Z,BAG-01,,,,atuador,
2026-06-24T17:17:11Z,VAR-01,0,,,atuador,
2026-06-24T17:17:16Z,SNV-01,96,m,OPERACIONAL,,
2026-06-24T17:17:16Z,STM-01,394,K,OPERACIONAL,,
2026-06-24T17:17:16Z,SRD-01,48,mSv/h,OPERACIONAL,,
2026-06-24T17:17:16Z,SVZ-01,192,m3/h,OPERACIONAL,,
2026-06-24T17:17:16Z,SNV-01,,,Normal,alarme,
2026-06-24T17:17:16Z,STM-01,,,ALERTA - TEMPERATURA ALTA,alarme,
2026-06-24T17:17:16Z,SRD-01,,,ALERTA - RADIACAO ALTA,alarme,
2026-06-24T17:17:16Z,SVZ-01,,,ALERTA - VAZAO ALTA,alarme,
2026-06-24T17:17:16Z,BAG-01,,,,atuador,
2026-06-24T17:17:16Z,VAR-01,0,,,atuador,
2026-06-24T17:17:21Z,SNV-01,98,m,OPERACIONAL,,
2026-06-24T17:17:21Z,STM-01,397,K,OPERACIONAL,,
2026-06-24T17:17:21Z,SRD-01,49,mSv/h,OPERACIONAL,,
2026-06-24T17:17:21Z,SVZ-01,196,m3/h,OPERACIONAL,,
2026-06-24T17:17:21Z,SNV-01,,,Normal,alarme,
2026-06-24T17:17:21Z,STM-01,,,ALERTA - TEMPERATURA ALTA,alarme,
2026-06-24T17:17:21Z,SRD-01,,,ALERTA - RADIACAO ALTA,alarme,
2026-06-24T17:17:21Z,SVZ-01,,,ALERTA - VAZAO ALTA,alarme,
2026-06-24T17:17:21Z,BAG-01,,,,atuador,
2026-06-24T17:17:21Z,VAR-01,0,,,atuador,
2026-06-24T17:17:26Z,SNV-01,17,m,OPERACIONAL,,
2026-06-24T17:17:26Z,STM-01,275,K,OPERACIONAL,,
2026-06-24T17:17:26Z,SRD-01,8,mSv/h,OPERACIONAL,,
2026-06-24T17:17:26Z,SVZ-01,34,m3/h,OPERACIONAL,,
2026-06-24T17:17:26Z,SNV-01,,,ALERTA - NIVEL BAIXO,alarme,
2026-06-24T17:17:26Z,STM-01,,,ALERTA - TEMPERATURA BAIXA,alarme,
2026-06-24T17:17:26Z,SRD-01,,,Normal,alarme,
2026-06-24T17:17:26Z,SVZ-01,,,Normal,alarme,
2026-06-24T17:17:26Z,BAG-01,,,,atuador,
2026-06-24T17:17:26Z,VAR-01,0,,,atuador,
2026-06-24T17:17:32Z,SNV-01,66,m,OPERACIONAL,,
2026-06-24T17:17:32Z,STM-01,349,K,OPERACIONAL,,
2026-06-24T17:17:32Z,SRD-01,33,mSv/h,OPERACIONAL,,
2026-06-24T17:17:32Z,SVZ-01,132,m3/h,OPERACIONAL,,
2026-06-24T17:17:32Z,SNV-01,,,Normal,alarme,
2026-06-24T17:17:32Z,STM-01,,,Normal,alarme,
2026-06-24T17:17:32Z,SRD-01,,,Normal,alarme,
2026-06-24T17:17:32Z,SVZ-01,,,Normal,alarme,
2026-06-24T17:17:32Z,BAG-01,,,,atuador,
2026-06-24T17:17:32Z,VAR-01,0,,,atuador,
2026-06-24T17:17:37Z,SNV-01,32,m,OPERACIONAL,,
2026-06-24T17:17:37Z,STM-01,297,K,OPERACIONAL,,
2026-06-24T17:17:37Z,SRD-01,16,mSv/h,OPERACIONAL,,
2026-06-24T17:17:37Z,SVZ-01,63,m3/h,OPERACIONAL,,
2026-06-24T17:17:37Z,SNV-01,,,Normal,alarme,
2026-06-24T17:17:37Z,STM-01,,,ALERTA - TEMPERATURA BAIXA,alarme,
2026-06-24T17:17:37Z,SRD-01,,,Normal,alarme,
2026-06-24T17:17:37Z,SVZ-01,,,Normal,alarme,
2026-06-24T17:17:37Z,BAG-01,,,,atuador,
2026-06-24T17:17:37Z,VAR-01,0,,,atuador,
2026-06-24T17:17:42Z,SNV-01,53,m,OPERACIONAL,,
2026-06-24T17:17:42Z,STM-01,329,K,OPERACIONAL,,
2026-06-24T17:17:42Z,SRD-01,26,mSv/h,OPERACIONAL,,
2026-06-24T17:17:42Z,SVZ-01,106,m3/h,OPERACIONAL,,
2026-06-24T17:17:42Z,SNV-01,,,Normal,alarme,
2026-06-24T17:17:42Z,STM-01,,,Normal,alarme,
2026-06-24T17:17:42Z,SRD-01,,,Normal,alarme,
2026-06-24T17:17:42Z,SVZ-01,,,Normal,alarme,
2026-06-24T17:17:42Z,BAG-01,,,,atuador,
2026-06-24T17:17:42Z,VAR-01,0,,,atuador,
2026-06-24T17:17:47Z,SNV-01,70,m,OPERACIONAL,,
2026-06-24T17:17:47Z,STM-01,355,K,OPERACIONAL,,
2026-06-24T17:17:47Z,SRD-01,35,mSv/h,OPERACIONAL,,
2026-06-24T17:17:47Z,SVZ-01,140,m3/h,OPERACIONAL,,
2026-06-24T17:17:47Z,SNV-01,,,Normal,alarme,
2026-06-24T17:17:47Z,STM-01,,,ALERTA - TEMPERATURA ALTA,alarme,
2026-06-24T17:17:47Z,SRD-01,,,Normal,alarme,
2026-06-24T17:17:47Z,SVZ-01,,,Normal,alarme,
2026-06-24T17:17:47Z,BAG-01,,,,atuador,
2026-06-24T17:17:47Z,VAR-01,100,,,atuador,
2026-06-24T17:17:52Z,SNV-01,79,m,OPERACIONAL,,
2026-06-24T17:17:52Z,STM-01,369,K,OPERACIONAL,,
2026-06-24T17:17:52Z,SRD-01,40,mSv/h,OPERACIONAL,,
2026-06-24T17:17:52Z,SVZ-01,158,m3/h,OPERACIONAL,,
2026-06-24T17:17:52Z,SNV-01,,,Normal,alarme,
2026-06-24T17:17:52Z,STM-01,,,ALERTA - TEMPERATURA ALTA,alarme,
2026-06-24T17:17:52Z,SRD-01,,,Normal,alarme,
2026-06-24T17:17:52Z,SVZ-01,,,Normal,alarme,
2026-06-24T17:17:52Z,BAG-01,,,,atuador,
2026-06-24T17:17:52Z,VAR-01,100,,,atuador,
2026-06-24T17:17:57Z,SNV-01,25,m,OPERACIONAL,,
2026-06-24T17:17:57Z,STM-01,288,K,OPERACIONAL,,
2026-06-24T17:17:57Z,SRD-01,13,mSv/h,OPERACIONAL,,
2026-06-24T17:17:57Z,SVZ-01,51,m3/h,OPERACIONAL,,
2026-06-24T17:17:57Z,SNV-01,,,ALERTA - NIVEL BAIXO,alarme,
2026-06-24T17:17:57Z,STM-01,,,ALERTA - TEMPERATURA BAIXA,alarme,
2026-06-24T17:17:57Z,SRD-01,,,Normal,alarme,
2026-06-24T17:17:57Z,SVZ-01,,,Normal,alarme,
2026-06-24T17:17:57Z,BAG-01,,,,atuador,
2026-06-24T17:17:57Z,VAR-01,100,,,atuador,
2026-06-24T17:18:02Z,SNV-01,7,m,OPERACIONAL,,
2026-06-24T17:18:02Z,STM-01,261,K,OPERACIONAL,,
2026-06-24T17:18:02Z,SRD-01,3,mSv/h,OPERACIONAL,,
2026-06-24T17:18:02Z,SVZ-01,14,m3/h,OPERACIONAL,,
2026-06-24T17:18:02Z,SNV-01,,,ALERTA - NIVEL BAIXO,alarme,
2026-06-24T17:18:02Z,STM-01,,,ALERTA - TEMPERATURA BAIXA,alarme,
2026-06-24T17:18:02Z,SRD-01,,,Normal,alarme,
2026-06-24T17:18:02Z,SVZ-01,,,Normal,alarme,
2026-06-24T17:18:02Z,BAG-01,,,,atuador,
2026-06-24T17:18:02Z,VAR-01,100,,,atuador,
2026-06-24T17:18:07Z,SNV-01,58,m,OPERACIONAL,,
2026-06-24T17:18:07Z,STM-01,336,K,OPERACIONAL,,
2026-06-24T17:18:07Z,SRD-01,29,mSv/h,OPERACIONAL,,
2026-06-24T17:18:07Z,SVZ-01,115,m3/h,OPERACIONAL,,
2026-06-24T17:18:07Z,SNV-01,,,Normal,alarme,
2026-06-24T17:18:07Z,STM-01,,,Normal,alarme,
2026-06-24T17:18:07Z,SRD-01,,,Normal,alarme,
2026-06-24T17:18:07Z,SVZ-01,,,Normal,alarme,
2026-06-24T17:18:07Z,BAG-01,,,,atuador,
2026-06-24T17:18:07Z,VAR-01,100,,,atuador,
2026-06-24T17:18:12Z,SNV-01,33,m,OPERACIONAL,,
2026-06-24T17:18:12Z,STM-01,299,K,OPERACIONAL,,
2026-06-24T17:18:12Z,SRD-01,16,mSv/h,OPERACIONAL,,
2026-06-24T17:18:12Z,SVZ-01,66,m3/h,OPERACIONAL,,
2026-06-24T17:18:12Z,SNV-01,,,Normal,alarme,
2026-06-24T17:18:12Z,STM-01,,,ALERTA - TEMPERATURA BAIXA,alarme,
2026-06-24T17:18:12Z,SRD-01,,,Normal,alarme,
2026-06-24T17:18:12Z,SVZ-01,,,Normal,alarme,
2026-06-24T17:18:12Z,BAG-01,,,,atuador,
2026-06-24T17:18:12Z,VAR-01,100,,,atuador,
2026-06-24T17:18:17Z,SNV-01,34,m,OPERACIONAL,,
2026-06-24T17:18:17Z,STM-01,301,K,OPERACIONAL,,
2026-06-24T17:18:17Z,SRD-01,17,mSv/h,OPERACIONAL,,
2026-06-24T17:18:17Z,SVZ-01,67,m3/h,OPERACIONAL,,
2026-06-24T17:18:17Z,SNV-01,,,Normal,alarme,
2026-06-24T17:18:17Z,STM-01,,,Normal,alarme,
2026-06-24T17:18:17Z,SRD-01,,,Normal,alarme,
2026-06-24T17:18:17Z,SVZ-01,,,Normal,alarme,
2026-06-24T17:18:17Z,BAG-01,,,,atuador,
2026-06-24T17:18:17Z,VAR-01,100,,,atuador,
2026-06-24T17:18:22Z,SNV-01,58,m,OPERACIONAL,,
2026-06-24T17:18:22Z,STM-01,338,K,OPERACIONAL,,
2026-06-24T17:18:22Z,SRD-01,29,mSv/h,OPERACIONAL,,
2026-06-24T17:18:22Z,SVZ-01,117,m3/h,OPERACIONAL,,
2026-06-24T17:18:22Z,SNV-01,,,Normal,alarme,
2026-06-24T17:18:22Z,STM-01,,,Normal,alarme,
2026-06-24T17:18:22Z,SRD-01,,,Normal,alarme,
2026-06-24T17:18:22Z,SVZ-01,,,Normal,alarme,
2026-06-24T17:18:22Z,BAG-01,,,,atuador,
2026-06-24T17:18:22Z,VAR-01,100,,,atuador,
2026-06-24T17:18:27Z,SNV-01,24,m,OPERACIONAL,,
2026-06-24T17:18:27Z,STM-01,285,K,OPERACIONAL,,
2026-06-24T17:18:27Z,SRD-01,12,mSv/h,OPERACIONAL,,
2026-06-24T17:18:27Z,SVZ-01,47,m3/h,OPERACIONAL,,
2026-06-24T17:18:27Z,SNV-01,,,ALERTA - NIVEL BAIXO,alarme,
2026-06-24T17:18:27Z,STM-01,,,ALERTA - TEMPERATURA BAIXA,alarme,
2026-06-24T17:18:27Z,SRD-01,,,Normal,alarme,
2026-06-24T17:18:27Z,SVZ-01,,,Normal,alarme,
2026-06-24T17:18:27Z,BAG-01,,,,atuador,
2026-06-24T17:18:27Z,VAR-01,100,,,atuador,
2026-06-24T17:18:32Z,SNV-01,3,m,OPERACIONAL,,
2026-06-24T17:18:32Z,STM-01,254,K,OPERACIONAL,,
2026-06-24T17:18:32Z,SRD-01,1,mSv/h,OPERACIONAL,,
2026-06-24T17:18:32Z,SVZ-01,6,m3/h,OPERACIONAL,,
2026-06-24T17:18:32Z,SNV-01,,,ALERTA - NIVEL BAIXO,alarme,
2026-06-24T17:18:32Z,STM-01,,,ALERTA - TEMPERATURA BAIXA,alarme,
2026-06-24T17:18:32Z,SRD-01,,,Normal,alarme,
2026-06-24T17:18:32Z,SVZ-01,,,Normal,alarme,
2026-06-24T17:18:32Z,BAG-01,,,,atuador,
2026-06-24T17:18:32Z,VAR-01,100,,,atuador,
2026-06-24T17:18:37Z,SNV-01,17,m,OPERACIONAL,,
2026-06-24T17:18:37Z,STM-01,275,K,OPERACIONAL,,
2026-06-24T17:18:37Z,SRD-01,8,mSv/h,OPERACIONAL,,
2026-06-24T17:18:37Z,SVZ-01,34,m3/h,OPERACIONAL,,
2026-06-24T17:18:37Z,SNV-01,,,ALERTA - NIVEL BAIXO,alarme,
2026-06-24T17:18:37Z,STM-01,,,ALERTA - TEMPERATURA BAIXA,alarme,
2026-06-24T17:18:37Z,SRD-01,,,Normal,alarme,
2026-06-24T17:18:37Z,SVZ-01,,,Normal,alarme,
2026-06-24T17:18:37Z,BAG-01,,,,atuador,
2026-06-24T17:18:37Z,VAR-01,100,,,atuador,
2026-06-24T17:18:42Z,SNV-01,93,m,OPERACIONAL,,
2026-06-24T17:18:42Z,STM-01,390,K,OPERACIONAL,,
2026-06-24T17:18:42Z,SRD-01,47,mSv/h,OPERACIONAL,,
2026-06-24T17:18:42Z,SVZ-01,186,m3/h,OPERACIONAL,,
2026-06-24T17:18:42Z,SNV-01,,,Normal,alarme,
2026-06-24T17:18:42Z,STM-01,,,ALERTA - TEMPERATURA ALTA,alarme,
2026-06-24T17:18:42Z,SRD-01,,,ALERTA - RADIACAO ALTA,alarme,
2026-06-24T17:18:42Z,SVZ-01,,,ALERTA - VAZAO ALTA,alarme,
2026-06-24T17:18:42Z,BAG-01,,,,atuador,
2026-06-24T17:18:42Z,VAR-01,100,,,atuador,
2026-06-24T17:18:47Z,SNV-01,97,m,OPERACIONAL,,
2026-06-24T17:18:47Z,STM-01,395,K,OPERACIONAL,,
2026-06-24T17:18:47Z,SRD-01,49,mSv/h,OPERACIONAL,,
2026-06-24T17:18:47Z,SVZ-01,194,m3/h,OPERACIONAL,,
2026-06-24T17:18:47Z,SNV-01,,,Normal,alarme,
2026-06-24T17:18:47Z,STM-01,,,ALERTA - TEMPERATURA ALTA,alarme,
2026-06-24T17:18:47Z,SRD-01,,,ALERTA - RADIACAO ALTA,alarme,
2026-06-24T17:18:47Z,SVZ-01,,,ALERTA - VAZAO ALTA,alarme,
2026-06-24T17:18:47Z,BAG-01,,,,atuador,
2026-06-24T17:18:47Z,VAR-01,100,,,atuador,
2026-06-24T17:18:52Z,SNV-01,1,m,OPERACIONAL,,
2026-06-24T17:18:52Z,STM-01,252,K,OPERACIONAL,,
2026-06-24T17:18:52Z,SRD-01,1,mSv/h,OPERACIONAL,,
2026-06-24T17:18:52Z,SVZ-01,3,m3/h,OPERACIONAL,,
2026-06-24T17:18:52Z,SNV-01,,,ALERTA - NIVEL BAIXO,alarme,
2026-06-24T17:18:52Z,STM-01,,,ALERTA - TEMPERATURA BAIXA,alarme,
2026-06-24T17:18:52Z,SRD-01,,,Normal,alarme,
2026-06-24T17:18:52Z,SVZ-01,,,Normal,alarme,
2026-06-24T17:18:52Z,BAG-01,,,,atuador,
2026-06-24T17:18:52Z,VAR-01,100,,,atuador,
2026-06-24T17:18:57Z,SNV-01,66,m,OPERACIONAL,,
2026-06-24T17:18:57Z,STM-01,348,K,OPERACIONAL,,
2026-06-24T17:18:57Z,SRD-01,33,mSv/h,OPERACIONAL,,
2026-06-24T17:18:57Z,SVZ-01,131,m3/h,OPERACIONAL,,
2026-06-24T17:18:57Z,SNV-01,,,Normal,alarme,
2026-06-24T17:18:57Z,STM-01,,,Normal,alarme,
2026-06-24T17:18:57Z,SRD-01,,,Normal,alarme,
2026-06-24T17:18:57Z,SVZ-01,,,Normal,alarme,
2026-06-24T17:18:57Z,BAG-01,,,,atuador,
2026-06-24T17:18:57Z,VAR-01,100,,,atuador,
2026-06-24T17:19:02Z,SNV-01,78,m,OPERACIONAL,,
2026-06-24T17:19:02Z,STM-01,367,K,OPERACIONAL,,
2026-06-24T17:19:02Z,SRD-01,39,mSv/h,OPERACIONAL,,
2026-06-24T17:19:02Z,SVZ-01,156,m3/h,OPERACIONAL,,
2026-06-24T17:19:02Z,SNV-01,,,Normal,alarme,
2026-06-24T17:19:02Z,STM-01,,,ALERTA - TEMPERATURA ALTA,alarme,
2026-06-24T17:19:02Z,SRD-01,,,Normal,alarme,
2026-06-24T17:19:02Z,SVZ-01,,,Normal,alarme,
2026-06-24T17:19:02Z,BAG-01,,,,atuador,
2026-06-24T17:19:02Z,VAR-01,100,,,atuador,
2026-06-24T17:19:07Z,SNV-01,48,m,OPERACIONAL,,
2026-06-24T17:19:07Z,STM-01,322,K,OPERACIONAL,,
2026-06-24T17:19:07Z,SRD-01,24,mSv/h,OPERACIONAL,,
2026-06-24T17:19:07Z,SVZ-01,96,m3/h,OPERACIONAL,,
2026-06-24T17:19:07Z,SNV-01,,,Normal,alarme,
2026-06-24T17:19:07Z,STM-01,,,Normal,alarme,
2026-06-24T17:19:07Z,SRD-01,,,Normal,alarme,
2026-06-24T17:19:07Z,SVZ-01,,,Normal,alarme,
2026-06-24T17:19:07Z,BAG-01,,,,atuador,
2026-06-24T17:19:07Z,VAR-01,0,,,atuador,
2026-06-24T17:19:13Z,SNV-01,33,m,OPERACIONAL,,
2026-06-24T17:19:13Z,STM-01,300,K,OPERACIONAL,,
2026-06-24T17:19:13Z,SRD-01,17,mSv/h,OPERACIONAL,,
2026-06-24T17:19:13Z,SVZ-01,67,m3/h,OPERACIONAL,,
2026-06-24T17:19:13Z,SNV-01,,,Normal,alarme,
2026-06-24T17:19:13Z,STM-01,,,Normal,alarme,
2026-06-24T17:19:13Z,SRD-01,,,Normal,alarme,
2026-06-24T17:19:13Z,SVZ-01,,,Normal,alarme,
2026-06-24T17:19:13Z,BAG-01,,,,atuador,
2026-06-24T17:19:13Z,VAR-01,0,,,atuador,
2026-06-24T17:19:18Z,SNV-01,6,m,OPERACIONAL,,
2026-06-24T17:19:18Z,STM-01,259,K,OPERACIONAL,,
2026-06-24T17:19:18Z,SRD-01,3,mSv/h,OPERACIONAL,,
2026-06-24T17:19:18Z,SVZ-01,13,m3/h,OPERACIONAL,,
2026-06-24T17:19:18Z,SNV-01,,,ALERTA - NIVEL BAIXO,alarme,
2026-06-24T17:19:18Z,STM-01,,,ALERTA - TEMPERATURA BAIXA,alarme,
2026-06-24T17:19:18Z,SRD-01,,,Normal,alarme,
2026-06-24T17:19:18Z,SVZ-01,,,Normal,alarme,
2026-06-24T17:19:18Z,BAG-01,,,,atuador,
2026-06-24T17:19:18Z,VAR-01,0,,,atuador,
2026-06-24T17:19:23Z,SNV-01,34,m,OPERACIONAL,,
2026-06-24T17:19:23Z,STM-01,301,K,OPERACIONAL,,
2026-06-24T17:19:23Z,SRD-01,17,mSv/h,OPERACIONAL,,
2026-06-24T17:19:23Z,SVZ-01,68,m3/h,OPERACIONAL,,
2026-06-24T17:19:23Z,SNV-01,,,Normal,alarme,
2026-06-24T17:19:23Z,STM-01,,,Normal,alarme,
2026-06-24T17:19:23Z,SRD-01,,,Normal,alarme,
2026-06-24T17:19:23Z,SVZ-01,,,Normal,alarme,
2026-06-24T17:19:23Z,BAG-01,,,,atuador,
2026-06-24T17:19:23Z,VAR-01,0,,,atuador,
2026-06-24T17:19:28Z,SNV-01,1,m,OPERACIONAL,,
2026-06-24T17:19:28Z,STM-01,252,K,OPERACIONAL,,
2026-06-24T17:19:28Z,SRD-01,0,mSv/h,OPERACIONAL,,
2026-06-24T17:19:28Z,SVZ-01,2,m3/h,OPERACIONAL,,
2026-06-24T17:19:28Z,SNV-01,,,ALERTA - NIVEL BAIXO,alarme,
2026-06-24T17:19:28Z,STM-01,,,ALERTA - TEMPERATURA BAIXA,alarme,
2026-06-24T17:19:28Z,SRD-01,,,Normal,alarme,
2026-06-24T17:19:28Z,SVZ-01,,,Normal,alarme,
2026-06-24T17:19:28Z,BAG-01,,,,atuador,
2026-06-24T17:19:28Z,VAR-01,0,,,atuador,
2026-06-24T17:19:33Z,SNV-01,41,m,OPERACIONAL,,
2026-06-24T17:19:33Z,STM-01,312,K,OPERACIONAL,,
2026-06-24T17:19:33Z,SRD-01,21,mSv/h,OPERACIONAL,,
2026-06-24T17:19:33Z,SVZ-01,83,m3/h,OPERACIONAL,,
2026-06-24T17:19:33Z,SNV-01,,,Normal,alarme,
2026-06-24T17:19:33Z,STM-01,,,Normal,alarme,
2026-06-24T17:19:33Z,SRD-01,,,Normal,alarme,
2026-06-24T17:19:33Z,SVZ-01,,,Normal,alarme,
2026-06-24T17:19:33Z,BAG-01,,,,atuador,
2026-06-24T17:19:33Z,VAR-01,0,,,atuador,
2026-06-24T17:19:38Z,SNV-01,84,m,OPERACIONAL,,
2026-06-24T17:19:38Z,STM-01,377,K,OPERACIONAL,,
2026-06-24T17:19:38Z,SRD-01,42,mSv/h,OPERACIONAL,,
2026-06-24T17:19:38Z,SVZ-01,169,m3/h,OPERACIONAL,,
2026-06-24T17:19:38Z,SNV-01,,,Normal,alarme,
2026-06-24T17:19:38Z,STM-01,,,ALERTA - TEMPERATURA ALTA,alarme,
2026-06-24T17:19:38Z,SRD-01,,,ALERTA - RADIACAO ALTA,alarme,
2026-06-24T17:19:38Z,SVZ-01,,,Normal,alarme,
2026-06-24T17:19:38Z,BAG-01,,,,atuador,
2026-06-24T17:19:38Z,VAR-01,0,,,atuador,
2026-06-24T17:19:43Z,SNV-01,91,m,OPERACIONAL,,
2026-06-24T17:19:43Z,STM-01,387,K,OPERACIONAL,,
2026-06-24T17:19:43Z,SRD-01,46,mSv/h,OPERACIONAL,,
2026-06-24T17:19:43Z,SVZ-01,182,m3/h,OPERACIONAL,,
2026-06-24T17:19:43Z,SNV-01,,,Normal,alarme,
2026-06-24T17:19:43Z,STM-01,,,ALERTA - TEMPERATURA ALTA,alarme,
2026-06-24T17:19:43Z,SRD-01,,,ALERTA - RADIACAO ALTA,alarme,
2026-06-24T17:19:43Z,SVZ-01,,,ALERTA - VAZAO ALTA,alarme,
2026-06-24T17:19:43Z,BAG-01,,,,atuador,
2026-06-24T17:19:43Z,VAR-01,0,,,atuador,
2026-06-24T17:19:48Z,SNV-01,28,m,OPERACIONAL,,
2026-06-24T17:19:48Z,STM-01,292,K,OPERACIONAL,,
2026-06-24T17:19:48Z,SRD-01,14,mSv/h,OPERACIONAL,,
2026-06-24T17:19:48Z,SVZ-01,56,m3/h,OPERACIONAL,,
2026-06-24T17:19:48Z,SNV-01,,,ALERTA - NIVEL BAIXO,alarme,
2026-06-24T17:19:48Z,STM-01,,,ALERTA - TEMPERATURA BAIXA,alarme,
2026-06-24T17:19:48Z,SRD-01,,,Normal,alarme,
2026-06-24T17:19:48Z,SVZ-01,,,Normal,alarme,
2026-06-24T17:19:48Z,BAG-01,,,,atuador,
2026-06-24T17:19:48Z,VAR-01,0,,,atuador,
2026-06-24T17:19:53Z,SNV-01,65,m,OPERACIONAL,,
2026-06-24T17:19:53Z,STM-01,348,K,OPERACIONAL,,
2026-06-24T17:19:53Z,SRD-01,33,mSv/h,OPERACIONAL,,
2026-06-24T17:19:53Z,SVZ-01,130,m3/h,OPERACIONAL,,
2026-06-24T17:19:53Z,SNV-01,,,Normal,alarme,
2026-06-24T17:19:53Z,STM-01,,,Normal,alarme,
2026-06-24T17:19:53Z,SRD-01,,,Normal,alarme,
2026-06-24T17:19:53Z,SVZ-01,,,Normal,alarme,
2026-06-24T17:19:53Z,BAG-01,,,,atuador,
2026-06-24T17:19:53Z,VAR-01,0,,,atuador,
2026-06-24T17:19:58Z,SNV-01,92,m,OPERACIONAL,,
2026-06-24T17:19:58Z,STM-01,388,K,OPERACIONAL,,
2026-06-24T17:19:58Z,SRD-01,46,mSv/h,OPERACIONAL,,
2026-06-24T17:19:58Z,SVZ-01,184,m3/h,OPERACIONAL,,
2026-06-24T17:19:58Z,SNV-01,,,Normal,alarme,
2026-06-24T17:19:58Z,STM-01,,,ALERTA - TEMPERATURA ALTA,alarme,
2026-06-24T17:19:58Z,SRD-01,,,ALERTA - RADIACAO ALTA,alarme,
2026-06-24T17:19:58Z,SVZ-01,,,ALERTA - VAZAO ALTA,alarme,
2026-06-24T17:19:58Z,BAG-01,,,,atuador,
2026-06-24T17:19:58Z,VAR-01,0,,,atuador,
2026-06-24T17:20:03Z,SNV-01,57,m,OPERACIONAL,,
2026-06-24T17:20:03Z,STM-01,336,K,OPERACIONAL,,
2026-06-24T17:20:03Z,SRD-01,29,mSv/h,OPERACIONAL,,
2026-06-24T17:20:03Z,SVZ-01,114,m3/h,OPERACIONAL,,
2026-06-24T17:20:03Z,SNV-01,,,Normal,alarme,
2026-06-24T17:20:03Z,STM-01,,,Normal,alarme,
2026-06-24T17:20:03Z,SRD-01,,,Normal,alarme,
2026-06-24T17:20:03Z,SVZ-01,,,Normal,alarme,
2026-06-24T17:20:03Z,BAG-01,,,,atuador,
2026-06-24T17:20:03Z,VAR-01,0,,,atuador,
2026-06-24T17:20:08Z,SNV-01,85,m,OPERACIONAL,,
2026-06-24T17:20:08Z,STM-01,378,K,OPERACIONAL,,
2026-06-24T17:20:08Z,SRD-01,43,mSv/h,OPERACIONAL,,
2026-06-24T17:20:08Z,SVZ-01,170,m3/h,OPERACIONAL,,
2026-06-24T17:20:08Z,SNV-01,,,Normal,alarme,
2026-06-24T17:20:08Z,STM-01,,,ALERTA - TEMPERATURA ALTA,alarme,
2026-06-24T17:20:08Z,SRD-01,,,ALERTA - RADIACAO ALTA,alarme,
2026-06-24T17:20:08Z,SVZ-01,,,Normal,alarme,
2026-06-24T17:20:08Z,BAG-01,,,,atuador,
2026-06-24T17:20:08Z,VAR-01,0,,,atuador,
2026-06-24T17:20:13Z,SNV-01,0,m,OPERACIONAL,,
2026-06-24T17:20:13Z,STM-01,251,K,OPERACIONAL,,
2026-06-24T17:20:13Z,SRD-01,0,mSv/h,OPERACIONAL,,
2026-06-24T17:20:13Z,SVZ-01,1,m3/h,OPERACIONAL,,
2026-06-24T17:20:13Z,SNV-01,,,ALERTA - NIVEL BAIXO,alarme,
2026-06-24T17:20:13Z,STM-01,,,ALERTA - TEMPERATURA BAIXA,alarme,
2026-06-24T17:20:13Z,SRD-01,,,Normal,alarme,
2026-06-24T17:20:13Z,SVZ-01,,,Normal,alarme,
2026-06-24T17:20:13Z,BAG-01,,,,atuador,
2026-06-24T17:20:13Z,VAR-01,0,,,atuador,
2026-06-24T17:20:18Z,SNV-01,56,m,OPERACIONAL,,
2026-06-24T17:20:18Z,STM-01,334,K,OPERACIONAL,,
2026-06-24T17:20:18Z,SRD-01,28,mSv/h,OPERACIONAL,,
2026-06-24T17:20:18Z,SVZ-01,112,m3/h,OPERACIONAL,,
2026-06-24T17:20:18Z,SNV-01,,,Normal,alarme,
2026-06-24T17:20:18Z,STM-01,,,Normal,alarme,
2026-06-24T17:20:18Z,SRD-01,,,Normal,alarme,
2026-06-24T17:20:18Z,SVZ-01,,,Normal,alarme,
2026-06-24T17:20:18Z,BAG-01,,,,atuador,
2026-06-24T17:20:18Z,VAR-01,0,,,atuador,
2026-06-24T17:20:23Z,SNV-01,28,m,OPERACIONAL,,
2026-06-24T17:20:23Z,STM-01,293,K,OPERACIONAL,,
2026-06-24T17:20:23Z,SRD-01,14,mSv/h,OPERACIONAL,,
2026-06-24T17:20:23Z,SVZ-01,57,m3/h,OPERACIONAL,,
2026-06-24T17:20:23Z,SNV-01,,,ALERTA - NIVEL BAIXO,alarme,
2026-06-24T17:20:23Z,STM-01,,,ALERTA - TEMPERATURA BAIXA,alarme,
2026-06-24T17:20:23Z,SRD-01,,,Normal,alarme,
2026-06-24T17:20:23Z,SVZ-01,,,Normal,alarme,
2026-06-24T17:20:23Z,BAG-01,,,,atuador,
2026-06-24T17:20:23Z,VAR-01,100,,,atuador,
2026-06-24T17:20:28Z,SNV-01,89,m,OPERACIONAL,,
2026-06-24T17:20:28Z,STM-01,384,K,OPERACIONAL,,
2026-06-24T17:20:28Z,SRD-01,45,mSv/h,OPERACIONAL,,
2026-06-24T17:20:28Z,SVZ-01,178,m3/h,OPERACIONAL,,
2026-06-24T17:20:28Z,SNV-01,,,Normal,alarme,
2026-06-24T17:20:28Z,STM-01,,,ALERTA - TEMPERATURA ALTA,alarme,
2026-06-24T17:20:28Z,SRD-01,,,ALERTA - RADIACAO ALTA,alarme,
2026-06-24T17:20:28Z,SVZ-01,,,Normal,alarme,
2026-06-24T17:20:28Z,BAG-01,,,,atuador,
2026-06-24T17:20:28Z,VAR-01,100,,,atuador,
2026-06-24T17:20:33Z,SNV-01,73,m,OPERACIONAL,,
2026-06-24T17:20:33Z,STM-01,360,K,OPERACIONAL,,
2026-06-24T17:20:33Z,SRD-01,37,mSv/h,OPERACIONAL,,
2026-06-24T17:20:33Z,SVZ-01,146,m3/h,OPERACIONAL,,
2026-06-24T17:20:33Z,SNV-01,,,Normal,alarme,
2026-06-24T17:20:33Z,STM-01,,,ALERTA - TEMPERATURA ALTA,alarme,
2026-06-24T17:20:33Z,SRD-01,,,Normal,alarme,
2026-06-24T17:20:33Z,SVZ-01,,,Normal,alarme,
2026-06-24T17:20:33Z,BAG-01,,,,atuador,
2026-06-24T17:20:33Z,VAR-01,100,,,atuador,
2026-06-24T17:20:38Z,SNV-01,0,m,OPERACIONAL,,
2026-06-24T17:20:38Z,STM-01,250,K,OPERACIONAL,,
2026-06-24T17:20:38Z,SRD-01,0,mSv/h,OPERACIONAL,,
2026-06-24T17:20:38Z,SVZ-01,0,m3/h,OPERACIONAL,,
2026-06-24T17:20:38Z,SNV-01,,,ALERTA - NIVEL BAIXO,alarme,
2026-06-24T17:20:38Z,STM-01,,,ALERTA - TEMPERATURA BAIXA,alarme,
2026-06-24T17:20:38Z,SRD-01,,,Normal,alarme,
2026-06-24T17:20:38Z,SVZ-01,,,Normal,alarme,
2026-06-24T17:20:38Z,BAG-01,,,,atuador,
2026-06-24T17:20:38Z,VAR-01,100,,,atuador,
2026-06-24T17:20:44Z,SNV-01,70,m,OPERACIONAL,,
2026-06-24T17:20:44Z,STM-01,356,K,OPERACIONAL,,
2026-06-24T17:20:44Z,SRD-01,35,mSv/h,OPERACIONAL,,
2026-06-24T17:20:44Z,SVZ-01,141,m3/h,OPERACIONAL,,
2026-06-24T17:20:44Z,SNV-01,,,Normal,alarme,
2026-06-24T17:20:44Z,STM-01,,,ALERTA - TEMPERATURA ALTA,alarme,
2026-06-24T17:20:44Z,SRD-01,,,Normal,alarme,
2026-06-24T17:20:44Z,SVZ-01,,,Normal,alarme,
2026-06-24T17:20:44Z,BAG-01,,,,atuador,
2026-06-24T17:20:44Z,VAR-01,100,,,atuador,
2026-06-24T17:20:49Z,SNV-01,26,m,OPERACIONAL,,
2026-06-24T17:20:49Z,STM-01,289,K,OPERACIONAL,,
2026-06-24T17:20:49Z,SRD-01,13,mSv/h,OPERACIONAL,,
2026-06-24T17:20:49Z,SVZ-01,52,m3/h,OPERACIONAL,,
2026-06-24T17:20:49Z,SNV-01,,,ALERTA - NIVEL BAIXO,alarme,
2026-06-24T17:20:49Z,STM-01,,,ALERTA - TEMPERATURA BAIXA,alarme,
2026-06-24T17:20:49Z,SRD-01,,,Normal,alarme,
2026-06-24T17:20:49Z,SVZ-01,,,Normal,alarme,
2026-06-24T17:20:49Z,BAG-01,,,,atuador,
2026-06-24T17:20:49Z,VAR-01,100,,,atuador,
2026-06-24T17:20:54Z,SNV-01,45,m,OPERACIONAL,,
2026-06-24T17:20:54Z,STM-01,318,K,OPERACIONAL,,
2026-06-24T17:20:54Z,SRD-01,23,mSv/h,OPERACIONAL,,
2026-06-24T17:20:54Z,SVZ-01,91,m3/h,OPERACIONAL,,
2026-06-24T17:20:54Z,SNV-01,,,Normal,alarme,
2026-06-24T17:20:54Z,STM-01,,,Normal,alarme,
2026-06-24T17:20:54Z,SRD-01,,,Normal,alarme,
2026-06-24T17:20:54Z,SVZ-01,,,Normal,alarme,
2026-06-24T17:20:54Z,BAG-01,,,,atuador,
2026-06-24T17:20:54Z,VAR-01,100,,,atuador,
2026-06-24T17:20:59Z,SNV-01,34,m,OPERACIONAL,,
2026-06-24T17:20:59Z,STM-01,301,K,OPERACIONAL,,
2026-06-24T17:20:59Z,SRD-01,17,mSv/h,OPERACIONAL,,
2026-06-24T17:20:59Z,SVZ-01,67,m3/h,OPERACIONAL,,
2026-06-24T17:20:59Z,SNV-01,,,Normal,alarme,
2026-06-24T17:20:59Z,STM-01,,,Normal,alarme,
2026-06-24T17:20:59Z,SRD-01,,,Normal,alarme,
2026-06-24T17:20:59Z,SVZ-01,,,Normal,alarme,
2026-06-24T17:20:59Z,BAG-01,,,,atuador,
2026-06-24T17:20:59Z,VAR-01,100,,,atuador,
2026-06-24T17:21:04Z,SNV-01,22,m,OPERACIONAL,,
2026-06-24T17:21:04Z,STM-01,283,K,OPERACIONAL,,
2026-06-24T17:21:04Z,SRD-01,11,mSv/h,OPERACIONAL,,
2026-06-24T17:21:04Z,SVZ-01,44,m3/h,OPERACIONAL,,
2026-06-24T17:21:04Z,SNV-01,,,ALERTA - NIVEL BAIXO,alarme,
2026-06-24T17:21:04Z,STM-01,,,ALERTA - TEMPERATURA BAIXA,alarme,
2026-06-24T17:21:04Z,SRD-01,,,Normal,alarme,
2026-06-24T17:21:04Z,SVZ-01,,,Normal,alarme,
2026-06-24T17:21:04Z,BAG-01,,,,atuador,
2026-06-24T17:21:04Z,VAR-01,100,,,atuador,
2026-06-24T17:21:09Z,SNV-01,94,m,OPERACIONAL,,
2026-06-24T17:21:09Z,STM-01,391,K,OPERACIONAL,,
2026-06-24T17:21:09Z,SRD-01,47,mSv/h,OPERACIONAL,,
2026-06-24T17:21:09Z,SVZ-01,187,m3/h,OPERACIONAL,,
2026-06-24T17:21:09Z,SNV-01,,,Normal,alarme,
2026-06-24T17:21:09Z,STM-01,,,ALERTA - TEMPERATURA ALTA,alarme,
2026-06-24T17:21:09Z,SRD-01,,,ALERTA - RADIACAO ALTA,alarme,
2026-06-24T17:21:09Z,SVZ-01,,,ALERTA - VAZAO ALTA,alarme,
2026-06-24T17:21:09Z,BAG-01,,,,atuador,
2026-06-24T17:21:09Z,VAR-01,100,,,atuador,
2026-06-24T17:21:14Z,SNV-01,88,m,OPERACIONAL,,
2026-06-24T17:21:14Z,STM-01,381,K,OPERACIONAL,,
2026-06-24T17:21:14Z,SRD-01,44,mSv/h,OPERACIONAL,,
2026-06-24T17:21:14Z,SVZ-01,175,m3/h,OPERACIONAL,,
2026-06-24T17:21:14Z,SNV-01,,,Normal,alarme,
2026-06-24T17:21:14Z,STM-01,,,ALERTA - TEMPERATURA ALTA,alarme,
2026-06-24T17:21:14Z,SRD-01,,,ALERTA - RADIACAO ALTA,alarme,
2026-06-24T17:21:14Z,SVZ-01,,,Normal,alarme,
2026-06-24T17:21:14Z,BAG-01,,,,atuador,
2026-06-24T17:21:14Z,VAR-01,100,,,atuador,
2026-06-24T17:21:19Z,SNV-01,48,m,OPERACIONAL,,
2026-06-24T17:21:19Z,STM-01,322,K,OPERACIONAL,,
2026-06-24T17:21:19Z,SRD-01,24,mSv/h,OPERACIONAL,,
2026-06-24T17:21:19Z,SVZ-01,96,m3/h,OPERACIONAL,,
2026-06-24T17:21:19Z,SNV-01,,,Normal,alarme,
2026-06-24T17:21:19Z,STM-01,,,Normal,alarme,
2026-06-24T17:21:19Z,SRD-01,,,Normal,alarme,
2026-06-24T17:21:19Z,SVZ-01,,,Normal,alarme,
2026-06-24T17:21:19Z,BAG-01,,,,atuador,
2026-06-24T17:21:19Z,VAR-01,100,,,atuador,
2026-06-24T17:21:24Z,SNV-01,72,m,OPERACIONAL,,
2026-06-24T17:21:24Z,STM-01,358,K,OPERACIONAL,,
2026-06-24T17:21:24Z,SRD-01,36,mSv/h,OPERACIONAL,,
2026-06-24T17:21:24Z,SVZ-01,144,m3/h,OPERACIONAL,,
2026-06-24T17:21:24Z,SNV-01,,,Normal,alarme,
2026-06-24T17:21:24Z,STM-01,,,ALERTA - TEMPERATURA ALTA,alarme,
2026-06-24T17:21:24Z,SRD-01,,,Normal,alarme,
2026-06-24T17:21:24Z,SVZ-01,,,Normal,alarme,
2026-06-24T17:21:24Z,BAG-01,,,,atuador,
2026-06-24T17:21:24Z,VAR-01,100,,,atuador,
2026-06-24T17:21:29Z,SNV-01,98,m,OPERACIONAL,,
2026-06-24T17:21:29Z,STM-01,397,K,OPERACIONAL,,
2026-06-24T17:21:29Z,SRD-01,49,mSv/h,OPERACIONAL,,
2026-06-24T17:21:29Z,SVZ-01,196,m3/h,OPERACIONAL,,
2026-06-24T17:21:29Z,SNV-01,,,Normal,alarme,
2026-06-24T17:21:29Z,STM-01,,,ALERTA - TEMPERATURA ALTA,alarme,
2026-06-24T17:21:29Z,SRD-01,,,ALERTA - RADIACAO ALTA,alarme,
2026-06-24T17:21:29Z,SVZ-01,,,ALERTA - VAZAO ALTA,alarme,
2026-06-24T17:21:29Z,BAG-01,,,,atuador,
2026-06-24T17:21:29Z,VAR-01,100,,,atuador,
2026-06-24T17:21:34Z,SNV-01,89,m,OPERACIONAL,,
2026-06-24T17:21:34Z,STM-01,383,K,OPERACIONAL,,
2026-06-24T17:21:34Z,SRD-01,45,mSv/h,OPERACIONAL,,
2026-06-24T17:21:34Z,SVZ-01,177,m3/h,OPERACIONAL,,
2026-06-24T17:21:34Z,SNV-01,,,Normal,alarme,
2026-06-24T17:21:34Z,STM-01,,,ALERTA - TEMPERATURA ALTA,alarme,
2026-06-24T17:21:34Z,SRD-01,,,ALERTA - RADIACAO ALTA,alarme,
2026-06-24T17:21:34Z,SVZ-01,,,Normal,alarme,
2026-06-24T17:21:34Z,BAG-01,,,,atuador,
2026-06-24T17:21:34Z,VAR-01,100,,,atuador,
2026-06-24T17:21:39Z,SNV-01,77,m,OPERACIONAL,,
2026-06-24T17:21:39Z,STM-01,365,K,OPERACIONAL,,
2026-06-24T17:21:39Z,SRD-01,39,mSv/h,OPERACIONAL,,
2026-06-24T17:21:39Z,SVZ-01,154,m3/h,OPERACIONAL,,
2026-06-24T17:21:39Z,SNV-01,,,Normal,alarme,
2026-06-24T17:21:39Z,STM-01,,,ALERTA - TEMPERATURA ALTA,alarme,
2026-06-24T17:21:39Z,SRD-01,,,Normal,alarme,
2026-06-24T17:21:39Z,SVZ-01,,,Normal,alarme,
2026-06-24T17:21:39Z,BAG-01,,,,atuador,
2026-06-24T17:21:39Z,VAR-01,100,,,atuador,
2026-06-24T17:21:44Z,SNV-01,33,m,OPERACIONAL,,
2026-06-24T17:21:44Z,STM-01,300,K,OPERACIONAL,,
2026-06-24T17:21:44Z,SRD-01,17,mSv/h,OPERACIONAL,,
2026-06-24T17:21:44Z,SVZ-01,67,m3/h,OPERACIONAL,,
2026-06-24T17:21:44Z,SNV-01,,,Normal,alarme,
2026-06-24T17:21:44Z,STM-01,,,Normal,alarme,
2026-06-24T17:21:44Z,SRD-01,,,Normal,alarme,
2026-06-24T17:21:44Z,SVZ-01,,,Normal,alarme,
2026-06-24T17:21:44Z,BAG-01,,,,atuador,
2026-06-24T17:21:44Z,VAR-01,0,,,atuador,
2026-06-24T17:21:49Z,SNV-01,70,m,OPERACIONAL,,
2026-06-24T17:21:49Z,STM-01,356,K,OPERACIONAL,,
2026-06-24T17:21:49Z,SRD-01,35,mSv/h,OPERACIONAL,,
2026-06-24T17:21:49Z,SVZ-01,141,m3/h,OPERACIONAL,,
2026-06-24T17:21:49Z,SNV-01,,,Normal,alarme,
2026-06-24T17:21:49Z,STM-01,,,ALERTA - TEMPERATURA ALTA,alarme,
2026-06-24T17:21:49Z,SRD-01,,,Normal,alarme,
2026-06-24T17:21:49Z,SVZ-01,,,Normal,alarme,
2026-06-24T17:21:49Z,BAG-01,,,,atuador,
2026-06-24T17:21:49Z,VAR-01,0,,,atuador,
2026-06-24T17:21:54Z,SNV-01,67,m,OPERACIONAL,,
2026-06-24T17:21:54Z,STM-01,351,K,OPERACIONAL,,
2026-06-24T17:21:54Z,SRD-01,34,mSv/h,OPERACIONAL,,
2026-06-24T17:21:54Z,SVZ-01,134,m3/h,OPERACIONAL,,
2026-06-24T17:21:54Z,SNV-01,,,Normal,alarme,
2026-06-24T17:21:54Z,STM-01,,,ALERTA - TEMPERATURA ALTA,alarme,
2026-06-24T17:21:54Z,SRD-01,,,Normal,alarme,
2026-06-24T17:21:54Z,SVZ-01,,,Normal,alarme,
2026-06-24T17:21:54Z,BAG-01,,,,atuador,
2026-06-24T17:21:54Z,VAR-01,0,,,atuador,
2026-06-24T17:21:59Z,SNV-01,16,m,OPERACIONAL,,
2026-06-24T17:21:59Z,STM-01,275,K,OPERACIONAL,,
2026-06-24T17:21:59Z,SRD-01,8,mSv/h,OPERACIONAL,,
2026-06-24T17:21:59Z,SVZ-01,33,m3/h,OPERACIONAL,,
2026-06-24T17:21:59Z,SNV-01,,,ALERTA - NIVEL BAIXO,alarme,
2026-06-24T17:21:59Z,STM-01,,,ALERTA - TEMPERATURA BAIXA,alarme,
2026-06-24T17:21:59Z,SRD-01,,,Normal,alarme,
2026-06-24T17:21:59Z,SVZ-01,,,Normal,alarme,
2026-06-24T17:21:59Z,BAG-01,,,,atuador,
2026-06-24T17:21:59Z,VAR-01,0,,,atuador,
